ID;countInput;countLineCode;countLineCodeDecl;countLineCodeExe;countOutput;countPath;countPathLog;countStmt;countStmtDec;countStmtExe;cyclomatic;cyclomaticModified;cyclomaticStrict;essential;knots;maxEssentialKnots;maxNesting;minEssentialKnots;ID;countInput;countLineCode;countLineCodeDecl;countLineCodeExe;countOutput;countPath;countPathLog;countStmt;countStmtDec;countStmtExe;cyclomatic;cyclomaticModified;cyclomaticStrict;essential;knots;maxEssentialKnots;maxNesting;minEssentialKnots;id;testPath;pathLength;hasLoop;countLoop;countnewReqEcCovered;countReqEcCovered;EdgeCoverage;countnewReqPpcCovered;countReqPcCovered;primePathCoverage
net.objecthunter.exp4j.ExpressionBuilder.build();183;16;1;11;8;6;1;12;2;10;4;4;5;1;0;0;2;0;net.objecthunter.exp4j.ExpressionBuilderTest.testExpressionBuilder1();0;6;3;4;4;1;0;3;2;1;1;1;1;1;0;0;0;0;net.objecthunter.exp4j.ExpressionBuilderTest.testExpressionBuilder1();13,2,4,5,6,7,8,9,8,9,8,9,8,9,8,11,14;17;1;4;10;10;0.7142857142857143;3;3;0.5;
net.objecthunter.exp4j.ExpressionBuilder.build();183;16;1;11;8;6;1;12;2;10;4;4;5;1;0;0;2;0;net.objecthunter.exp4j.ExpressionBuilderTest.testValidationDocExample();0;11;4;9;11;1;0;8;3;5;1;1;1;1;0;0;0;0;net.objecthunter.exp4j.ExpressionBuilderTest.testValidationDocExample();13,2,4,5,6,7,8,9,8,9,8,9,8,9,8,9,8,11,14;19;1;5;0;10;0.7142857142857143;0;3;0.5;
net.objecthunter.exp4j.ExpressionBuilder.build();183;16;1;11;8;6;1;12;2;10;4;4;5;1;0;0;2;0;net.objecthunter.exp4j.ExpressionBuilderTest.testExpressionBuilder16();0;8;3;6;5;1;0;2;2;0;1;1;1;1;0;0;0;0;net.objecthunter.exp4j.ExpressionBuilderTest.testExpressionBuilder16();13,2,4,5,6,7,8,9,8,9,8,9,8,9,8,9,8,9,8,11,14;21;1;6;0;10;0.7142857142857143;0;3;0.5;
net.objecthunter.exp4j.ExpressionBuilder.build();183;16;1;11;8;6;1;12;2;10;4;4;5;1;0;0;2;0;net.objecthunter.exp4j.ExpressionBuilderTest.testExpressionBuilder17();0;9;4;7;10;1;0;6;3;3;1;1;1;1;0;0;0;0;net.objecthunter.exp4j.ExpressionBuilderTest.testExpressionBuilder17();13,2,4,5,6,7,8,9,8,9,8,9,8,9,8,9,8,9,8,11,14;21;1;6;0;10;0.7142857142857143;0;3;0.5;
net.objecthunter.exp4j.ExpressionBuilder.build();183;16;1;11;8;6;1;12;2;10;4;4;5;1;0;0;2;0;net.objecthunter.exp4j.ExpressionBuilderTest.testExpressionBuilder2();0;9;4;7;7;1;0;4;3;1;1;1;1;1;0;0;0;0;net.objecthunter.exp4j.ExpressionBuilderTest.testExpressionBuilder2();13,2,4,5,6,7,8,9,8,9,8,9,8,9,8,9,8,11,14;19;1;5;0;10;0.7142857142857143;0;3;0.5;
net.objecthunter.exp4j.ExpressionBuilder.build();183;16;1;11;8;6;1;12;2;10;4;4;5;1;0;0;2;0;net.objecthunter.exp4j.ExpressionBuilderTest.testExpressionBuilder3();0;10;5;8;8;1;0;5;4;1;1;1;1;1;0;0;0;0;net.objecthunter.exp4j.ExpressionBuilderTest.testExpressionBuilder3();13,2,4,5,6,7,8,9,8,9,8,9,8,9,8,9,8,11,14;19;1;5;0;10;0.7142857142857143;0;3;0.5;
net.objecthunter.exp4j.ExpressionBuilder.build();183;16;1;11;8;6;1;12;2;10;4;4;5;1;0;0;2;0;net.objecthunter.exp4j.ExpressionBuilderTest.testOperators1();1;37;7;30;5;1;0;26;7;19;1;1;1;1;0;0;0;0;net.objecthunter.exp4j.ExpressionBuilderTest.testOperators1();13,2,4,5,6,7,8,9,8,9,8,9,8,9,8,11,14;17;1;4;0;10;0.7142857142857143;0;3;0.5;
net.objecthunter.exp4j.ExpressionBuilder.build();183;16;1;11;8;6;1;12;2;10;4;4;5;1;0;0;2;0;net.objecthunter.exp4j.ExpressionBuilderTest.testExpressionBuilder4();0;14;6;10;5;1;0;7;5;2;1;1;1;1;0;0;0;0;net.objecthunter.exp4j.ExpressionBuilderTest.testExpressionBuilder4();13,2,4,5,6,7,8,9,8,9,8,9,8,9,8,11,14;17;1;4;0;10;0.7142857142857143;0;3;0.5;
net.objecthunter.exp4j.ExpressionBuilder.build();183;16;1;11;8;6;1;12;2;10;4;4;5;1;0;0;2;0;net.objecthunter.exp4j.ExpressionBuilderTest.testOperators2();1;29;8;22;6;1;0;21;8;13;1;1;1;1;0;0;0;0;net.objecthunter.exp4j.ExpressionBuilderTest.testOperators2();13,2,4,5,6,7,8,9,8,9,8,9,8,9,8,11,14;17;1;4;0;10;0.7142857142857143;0;3;0.5;
net.objecthunter.exp4j.ExpressionBuilder.build();183;16;1;11;8;6;1;12;2;10;4;4;5;1;0;0;2;0;net.objecthunter.exp4j.ExpressionBuilderTest.testOperators3();1;24;5;19;5;1;0;14;4;10;1;1;1;1;0;0;0;0;net.objecthunter.exp4j.ExpressionBuilderTest.testOperators3();13,2,4,5,6,7,8,9,8,9,8,9,8,9,8,11,14;17;1;4;0;10;0.7142857142857143;0;3;0.5;
net.objecthunter.exp4j.ExpressionBuilder.build();183;16;1;11;8;6;1;12;2;10;4;4;5;1;0;0;2;0;net.objecthunter.exp4j.ExpressionBuilderTest.testModulo1();0;5;3;3;4;1;0;3;2;1;1;1;1;1;0;0;0;0;net.objecthunter.exp4j.ExpressionBuilderTest.testModulo1();13,2,4,5,6,7,8,9,8,9,8,9,8,9,8,11,14;17;1;4;0;10;0.7142857142857143;0;3;0.5;
net.objecthunter.exp4j.ExpressionBuilder.build();183;16;1;11;8;6;1;12;2;10;4;4;5;1;0;0;2;0;net.objecthunter.exp4j.ExpressionBuilderTest.testOperators4();0;60;9;50;5;1;0;32;8;24;1;1;1;1;0;0;0;0;net.objecthunter.exp4j.ExpressionBuilderTest.testOperators4();13,2,4,5,6,7,8,9,8,9,8,9,8,9,8,11,14;17;1;4;0;10;0.7142857142857143;0;3;0.5;
net.objecthunter.exp4j.ExpressionBuilder.build();183;16;1;11;8;6;1;12;2;10;4;4;5;1;0;0;2;0;net.objecthunter.exp4j.ExpressionBuilderTest.testExpressionBuilder01();0;9;4;7;6;1;0;4;3;1;1;1;1;1;0;0;0;0;net.objecthunter.exp4j.ExpressionBuilderTest.testExpressionBuilder01();13,2,4,5,6,7,8,9,8,9,8,9,8,9,8,9,8,9,8,11,14;21;1;6;0;10;0.7142857142857143;0;3;0.5;
net.objecthunter.exp4j.ExpressionBuilder.build();183;16;1;11;8;6;1;12;2;10;4;4;5;1;0;0;2;0;net.objecthunter.exp4j.ExpressionBuilderTest.testExpressionBuilder02();0;9;4;7;6;1;0;4;3;1;1;1;1;1;0;0;0;0;net.objecthunter.exp4j.ExpressionBuilderTest.testExpressionBuilder02();13,2,4,5,6,7,8,9,8,9,8,9,8,9,8,9,8,9,8,11,14;21;1;6;0;10;0.7142857142857143;0;3;0.5;
net.objecthunter.exp4j.ExpressionBuilder.build();183;16;1;11;8;6;1;12;2;10;4;4;5;1;0;0;2;0;net.objecthunter.exp4j.ExpressionBuilderTest.testExpressionBuilder03();0;12;6;10;8;1;0;6;5;1;1;1;1;1;0;0;0;0;net.objecthunter.exp4j.ExpressionBuilderTest.testExpressionBuilder03();13,2,4,5,6,7,8,9,8,9,8,9,8,9,8,9,8,9,8,11,14;21;1;6;0;10;0.7142857142857143;0;3;0.5;
net.objecthunter.exp4j.ExpressionBuilder.build();183;16;1;11;8;6;1;12;2;10;4;4;5;1;0;0;2;0;net.objecthunter.exp4j.ExpressionBuilderTest.testExpressionBuilder04();0;18;6;15;8;1;0;12;5;7;1;1;1;1;0;0;0;0;net.objecthunter.exp4j.ExpressionBuilderTest.testExpressionBuilder04();13,2,4,5,6,7,8,9,8,9,8,9,8,9,8,9,8,9,8,11,14;21;1;6;0;10;0.7142857142857143;0;3;0.5;
net.objecthunter.exp4j.ExpressionBuilder.build();183;16;1;11;8;6;1;12;2;10;4;4;5;1;0;0;2;0;net.objecthunter.exp4j.ExpressionBuilderTest.testExpressionBuilder05();0;11;6;9;6;1;0;6;5;1;1;1;1;1;0;0;0;0;net.objecthunter.exp4j.ExpressionBuilderTest.testExpressionBuilder05();13,2,4,5,6,7,8,9,8,9,8,9,8,9,8,9,8,11,14;19;1;5;0;10;0.7142857142857143;0;3;0.5;
net.objecthunter.exp4j.ExpressionBuilder.build();183;16;1;11;8;6;1;12;2;10;4;4;5;1;0;0;2;0;net.objecthunter.exp4j.ExpressionBuilderTest.testExpressionBuilder06();0;13;7;11;6;1;0;10;6;4;1;1;1;1;0;0;0;0;net.objecthunter.exp4j.ExpressionBuilderTest.testExpressionBuilder06();13,2,4,5,6,7,8,9,8,9,8,9,8,9,8,9,8,9,8,9,8,11,14;23;1;7;0;10;0.7142857142857143;0;3;0.5;
net.objecthunter.exp4j.ExpressionBuilder.build();183;16;1;11;8;6;1;12;2;10;4;4;5;1;0;0;2;0;net.objecthunter.exp4j.ExpressionBuilderTest.testExpressionBuilder5();0;18;7;13;5;1;0;11;7;4;1;1;1;1;0;0;0;0;net.objecthunter.exp4j.ExpressionBuilderTest.testExpressionBuilder5();13,2,4,5,6,7,8,9,8,9,8,9,8,9,8,11,14;17;1;4;0;10;0.7142857142857143;0;3;0.5;
net.objecthunter.exp4j.ExpressionBuilder.build();183;16;1;11;8;6;1;12;2;10;4;4;5;1;0;0;2;0;net.objecthunter.exp4j.ExpressionBuilderTest.testExpressionBuilder07();0;9;5;7;8;1;0;5;4;1;1;1;1;1;0;0;0;0;net.objecthunter.exp4j.ExpressionBuilderTest.testExpressionBuilder07();13,2,4,5,6,7,8,9,8,9,8,9,8,9,8,9,8,11,14;19;1;5;0;10;0.7142857142857143;0;3;0.5;
net.objecthunter.exp4j.ExpressionBuilder.build();183;16;1;11;8;6;1;12;2;10;4;4;5;1;0;0;2;0;net.objecthunter.exp4j.ExpressionBuilderTest.testExpressionBuilder08();0;9;5;7;8;1;0;5;4;1;1;1;1;1;0;0;0;0;net.objecthunter.exp4j.ExpressionBuilderTest.testExpressionBuilder08();13,2,4,5,6,7,8,9,8,9,8,9,8,9,8,9,8,9,8,11,14;21;1;6;0;10;0.7142857142857143;0;3;0.5;
net.objecthunter.exp4j.ExpressionBuilder.build();183;16;1;11;8;6;1;12;2;10;4;4;5;1;0;0;2;0;net.objecthunter.exp4j.ExpressionBuilderTest.testExpressionBuilder08();0;9;5;7;8;1;0;5;4;1;1;1;1;1;0;0;0;0;net.objecthunter.exp4j.ExpressionBuilderTest.testExpressionBuilder08();13,2,4,5,6,7,8,9,8,9,8,9,8,9,8,9,8,11,14;19;1;5;0;10;0.7142857142857143;0;3;0.5;
net.objecthunter.exp4j.ExpressionBuilder.build();183;16;1;11;8;6;1;12;2;10;4;4;5;1;0;0;2;0;net.objecthunter.exp4j.ExpressionBuilderTest.testExpressionBuilder08();0;9;5;7;8;1;0;5;4;1;1;1;1;1;0;0;0;0;net.objecthunter.exp4j.ExpressionBuilderTest.testExpressionBuilder08();13,2,4,5,6,7,8,9,8,9,8,9,8,9,8,11,14;17;1;4;0;10;0.7142857142857143;0;3;0.5;
net.objecthunter.exp4j.ExpressionBuilder.build();183;16;1;11;8;6;1;12;2;10;4;4;5;1;0;0;2;0;net.objecthunter.exp4j.ExpressionBuilderTest.testSameName();0;17;7;13;11;1;0;9;6;3;1;1;1;1;0;0;0;0;net.objecthunter.exp4j.ExpressionBuilderTest.testSameName();13,2,4,5,6,7,8,9,8,9,8,9,10,14;14;1;2;2;10;0.7142857142857143;0;2;0.3333333333333333;
net.objecthunter.exp4j.ExpressionBuilder.build();183;16;1;11;8;6;1;12;2;10;4;4;5;1;0;0;2;0;net.objecthunter.exp4j.ExpressionBuilderTest.testInvalidFunction();0;8;4;6;5;1;0;4;3;1;1;1;1;1;0;0;0;0;net.objecthunter.exp4j.ExpressionBuilderTest.testInvalidFunction();13,2,4,5,6,7,8,9,8,9,8,9,8,9,8,9,8,11,14;19;1;5;0;10;0.7142857142857143;0;3;0.5;
net.objecthunter.exp4j.ExpressionBuilder.build();183;16;1;11;8;6;1;12;2;10;4;4;5;1;0;0;2;0;net.objecthunter.exp4j.ExpressionBuilderTest.testMissingVar();0;8;4;6;5;1;0;4;3;1;1;1;1;1;0;0;0;0;net.objecthunter.exp4j.ExpressionBuilderTest.testMissingVar();13,2,4,5,6,7,8,9,8,9,8,9,8,9,8,9,8,9,8,11,14;21;1;6;0;10;0.7142857142857143;0;3;0.5;
net.objecthunter.exp4j.ExpressionBuilder.build();183;16;1;11;8;6;1;12;2;10;4;4;5;1;0;0;2;0;net.objecthunter.exp4j.ExpressionBuilderTest.testExpression1();0;9;5;5;4;1;0;7;4;3;1;1;1;1;0;0;0;0;net.objecthunter.exp4j.ExpressionBuilderTest.testExpression1();13,2,4,5,6,7,8,9,8,9,8,9,8,9,8,11,14;17;1;4;0;10;0.7142857142857143;0;3;0.5;
net.objecthunter.exp4j.ExpressionBuilder.build();183;16;1;11;8;6;1;12;2;10;4;4;5;1;0;0;2;0;net.objecthunter.exp4j.ExpressionBuilderTest.testExpression11();0;12;7;10;9;1;0;7;6;1;1;1;1;1;0;0;0;0;net.objecthunter.exp4j.ExpressionBuilderTest.testExpression11();13,2,4,5,6,7,8,9,8,9,8,9,8,9,8,9,8,9,8,11,14;21;1;6;0;10;0.7142857142857143;0;3;0.5;
net.objecthunter.exp4j.ExpressionBuilder.build();183;16;1;11;8;6;1;12;2;10;4;4;5;1;0;0;2;0;net.objecthunter.exp4j.ExpressionBuilderTest.testExpressionBuilder6();1;25;8;18;5;1;0;17;8;9;1;1;1;1;0;0;0;0;net.objecthunter.exp4j.ExpressionBuilderTest.testExpressionBuilder6();13,2,4,5,6,7,8,9,8,9,8,9,8,9,8,11,14;17;1;4;0;10;0.7142857142857143;0;3;0.5;
net.objecthunter.exp4j.ExpressionBuilder.build();183;16;1;11;8;6;1;12;2;10;4;4;5;1;0;0;2;0;net.objecthunter.exp4j.ExpressionBuilderTest.testExpression12();0;7;5;5;6;1;0;5;4;1;1;1;1;1;0;0;0;0;net.objecthunter.exp4j.ExpressionBuilderTest.testExpression12();13,2,4,5,6,7,8,9,8,9,8,9,8,9,8,11,14;17;1;4;0;10;0.7142857142857143;0;3;0.5;
net.objecthunter.exp4j.ExpressionBuilder.build();183;16;1;11;8;6;1;12;2;10;4;4;5;1;0;0;2;0;net.objecthunter.exp4j.ExpressionBuilderTest.testExpression13();0;7;5;5;5;1;0;5;4;1;1;1;1;1;0;0;0;0;net.objecthunter.exp4j.ExpressionBuilderTest.testExpression13();13,2,4,5,6,7,8,9,8,9,8,9,8,9,8,11,14;17;1;4;0;10;0.7142857142857143;0;3;0.5;
net.objecthunter.exp4j.ExpressionBuilder.build();183;16;1;11;8;6;1;12;2;10;4;4;5;1;0;0;2;0;net.objecthunter.exp4j.ExpressionBuilderTest.testExpressionBuilder7();0;8;3;6;9;1;0;4;2;2;1;1;1;1;0;0;0;0;net.objecthunter.exp4j.ExpressionBuilderTest.testExpressionBuilder7();13,2,4,5,6,7,8,9,8,9,8,9,8,9,8,9,8,11,14;19;1;5;0;10;0.7142857142857143;0;3;0.5;
net.objecthunter.exp4j.ExpressionBuilder.build();183;16;1;11;8;6;1;12;2;10;4;4;5;1;0;0;2;0;net.objecthunter.exp4j.ExpressionBuilderTest.testExpressionBuilder8();0;8;3;6;9;1;0;4;2;2;1;1;1;1;0;0;0;0;net.objecthunter.exp4j.ExpressionBuilderTest.testExpressionBuilder8();13,2,4,5,6,7,8,9,8,9,8,9,8,9,8,9,8,9,8,9,8,11,14;23;1;7;0;10;0.7142857142857143;0;3;0.5;
net.objecthunter.exp4j.ExpressionBuilder.build();183;16;1;11;8;6;1;12;2;10;4;4;5;1;0;0;2;0;net.objecthunter.exp4j.ExpressionBuilderTest.testFunction1();1;15;6;11;7;1;0;7;5;2;1;1;1;1;0;0;0;0;net.objecthunter.exp4j.ExpressionBuilderTest.testFunction1();13,2,4,5,6,7,8,9,8,9,8,9,8,9,8,9,8,11,14;19;1;5;0;10;0.7142857142857143;0;3;0.5;
net.objecthunter.exp4j.ExpressionBuilder.build();183;16;1;11;8;6;1;12;2;10;4;4;5;1;0;0;2;0;net.objecthunter.exp4j.ExpressionBuilderTest.testFunction2();0;15;6;11;8;1;0;7;5;2;1;1;1;1;0;0;0;0;net.objecthunter.exp4j.ExpressionBuilderTest.testFunction2();13,2,4,5,6,7,8,9,8,9,8,9,8,9,8,9,8,11,14;19;1;5;0;10;0.7142857142857143;0;3;0.5;
net.objecthunter.exp4j.ExpressionBuilder.build();183;16;1;11;8;6;1;12;2;10;4;4;5;1;0;0;2;0;net.objecthunter.exp4j.ExpressionBuilderTest.testFunction3();2;22;8;16;7;1;0;10;7;3;1;1;1;1;0;0;0;0;net.objecthunter.exp4j.ExpressionBuilderTest.testFunction3();13,2,4,5,6,7,8,9,8,9,8,9,8,9,8,9,8,11,14;19;1;5;0;10;0.7142857142857143;0;3;0.5;
net.objecthunter.exp4j.ExpressionBuilder.build();183;16;1;11;8;6;1;12;2;10;4;4;5;1;0;0;2;0;net.objecthunter.exp4j.ExpressionBuilderTest.testFunction4();1;16;7;12;8;1;0;8;6;2;1;1;1;1;0;0;0;0;net.objecthunter.exp4j.ExpressionBuilderTest.testFunction4();13,2,4,5,6,7,8,9,8,9,8,9,8,9,8,9,8,11,14;19;1;5;0;10;0.7142857142857143;0;3;0.5;
net.objecthunter.exp4j.ExpressionBuilder.build();183;16;1;11;8;6;1;12;2;10;4;4;5;1;0;0;2;0;net.objecthunter.exp4j.ExpressionBuilderTest.testFunction5();2;23;9;17;8;1;0;11;8;3;1;1;1;1;0;0;0;0;net.objecthunter.exp4j.ExpressionBuilderTest.testFunction5();13,2,4,5,6,7,8,9,8,9,8,9,8,9,8,9,8,11,14;19;1;5;0;10;0.7142857142857143;0;3;0.5;
net.objecthunter.exp4j.ExpressionBuilder.build();183;16;1;11;8;6;1;12;2;10;4;4;5;1;0;0;2;0;net.objecthunter.exp4j.ExpressionBuilderTest.testFunction6();2;22;9;16;8;1;0;11;8;3;1;1;1;1;0;0;0;0;net.objecthunter.exp4j.ExpressionBuilderTest.testFunction6();13,2,4,5,6,7,8,9,8,9,8,9,8,9,8,9,8,11,14;19;1;5;0;10;0.7142857142857143;0;3;0.5;
net.objecthunter.exp4j.ExpressionBuilder.build();183;16;1;11;8;6;1;12;2;10;4;4;5;1;0;0;2;0;net.objecthunter.exp4j.ExpressionBuilderTest.testFunction7();0;14;5;10;7;1;0;6;4;2;1;1;1;1;0;0;0;0;net.objecthunter.exp4j.ExpressionBuilderTest.testFunction7();13,2,4,5,6,7,8,9,8,9,8,9,8,9,8,9,8,11,14;19;1;5;0;10;0.7142857142857143;0;3;0.5;
net.objecthunter.exp4j.ExpressionBuilder.build();183;16;1;11;8;6;1;12;2;10;4;4;5;1;0;0;2;0;net.objecthunter.exp4j.ExpressionBuilderTest.testExpression10();0;9;5;5;4;1;0;7;4;3;1;1;1;1;0;0;0;0;net.objecthunter.exp4j.ExpressionBuilderTest.testExpression10();13,2,4,5,6,7,8,9,8,9,8,9,8,9,8,11,14;17;1;4;0;10;0.7142857142857143;0;3;0.5;
net.objecthunter.exp4j.ExpressionBuilder.build();183;16;1;11;8;6;1;12;2;10;4;4;5;1;0;0;2;0;net.objecthunter.exp4j.ExpressionBuilderTest.testExpressionBuilder18();0;9;4;7;10;1;0;6;3;3;1;1;1;1;0;0;0;0;net.objecthunter.exp4j.ExpressionBuilderTest.testExpressionBuilder18();13,2,4,5,6,7,8,9,8,9,8,9,8,9,8,9,8,9,8,11,14;21;1;6;0;10;0.7142857142857143;0;3;0.5;
net.objecthunter.exp4j.ExpressionBuilder.build();183;16;1;11;8;6;1;12;2;10;4;4;5;1;0;0;2;0;net.objecthunter.exp4j.ExpressionBuilderTest.testExpressionBuilder19();0;9;4;7;10;1;0;6;3;3;1;1;1;1;0;0;0;0;net.objecthunter.exp4j.ExpressionBuilderTest.testExpressionBuilder19();13,2,4,5,6,7,8,9,8,9,8,9,8,9,8,9,8,9,8,11,14;21;1;6;0;10;0.7142857142857143;0;3;0.5;
net.objecthunter.exp4j.ExpressionBuilder.build();183;16;1;11;8;6;1;12;2;10;4;4;5;1;0;0;2;0;net.objecthunter.exp4j.ExpressionBuilderTest.testUnaryMinus();0;5;3;3;4;1;0;3;2;1;1;1;1;1;0;0;0;0;net.objecthunter.exp4j.ExpressionBuilderTest.testUnaryMinus();13,2,4,5,6,7,8,9,8,9,8,9,8,9,8,11,14;17;1;4;0;10;0.7142857142857143;0;3;0.5;
net.objecthunter.exp4j.ExpressionBuilder.build();183;16;1;11;8;6;1;12;2;10;4;4;5;1;0;0;2;0;net.objecthunter.exp4j.ExpressionBuilderTest.testUnaryMinusPowerPrecedence();0;5;3;3;4;1;0;3;2;1;1;1;1;1;0;0;0;0;net.objecthunter.exp4j.ExpressionBuilderTest.testUnaryMinusPowerPrecedence();13,2,4,5,6,7,8,9,8,9,8,9,8,9,8,11,14;17;1;4;0;10;0.7142857142857143;0;3;0.5;
net.objecthunter.exp4j.ExpressionBuilder.build();183;16;1;11;8;6;1;12;2;10;4;4;5;1;0;0;2;0;net.objecthunter.exp4j.ExpressionBuilderTest.testExpression15();0;7;5;5;6;1;0;5;4;1;1;1;1;1;0;0;0;0;net.objecthunter.exp4j.ExpressionBuilderTest.testExpression15();13,2,4,5,6,7,8,9,8,9,8,9,8,9,8,11,14;17;1;4;0;10;0.7142857142857143;0;3;0.5;
net.objecthunter.exp4j.ExpressionBuilder.build();183;16;1;11;8;6;1;12;2;10;4;4;5;1;0;0;2;0;net.objecthunter.exp4j.ExpressionBuilderTest.testExpression14();0;7;5;5;5;1;0;5;4;1;1;1;1;1;0;0;0;0;net.objecthunter.exp4j.ExpressionBuilderTest.testExpression14();13,2,4,5,6,7,8,9,8,9,8,9,8,9,8,11,14;17;1;4;0;10;0.7142857142857143;0;3;0.5;
net.objecthunter.exp4j.function.Function.Function(String,int);3;11;1;7;4;4;1;7;1;6;3;3;3;1;0;0;1;0;net.objecthunter.exp4j.ExpressionBuilderTest.testFunction10();0;16;5;11;7;1;0;6;4;2;1;1;1;1;0;0;0;0;net.objecthunter.exp4j.ExpressionBuilderTest.testFunction10();11,3,6,8,9,12;6;0;0;4;5;0.5555555555555556;1;1;0.3333333333333333;
net.objecthunter.exp4j.function.Function.Function(String,int);3;11;1;7;4;4;1;7;1;6;3;3;3;1;0;0;1;0;net.objecthunter.exp4j.ExpressionBuilderTest.testFunction11();0;17;5;12;8;1;0;6;4;2;1;1;1;1;0;0;0;0;net.objecthunter.exp4j.ExpressionBuilderTest.testFunction11();11,3,6,8,9,12;6;0;0;0;5;0.5555555555555556;0;1;0.3333333333333333;
net.objecthunter.exp4j.function.Function.Function(String,int);3;11;1;7;4;4;1;7;1;6;3;3;3;1;0;0;1;0;net.objecthunter.exp4j.ExpressionBuilderTest.testFunction12();0;18;6;12;5;1;0;12;6;6;1;1;1;1;0;0;0;0;net.objecthunter.exp4j.ExpressionBuilderTest.testFunction12();11,3,6,8,9,12;6;0;0;0;5;0.5555555555555556;0;1;0.3333333333333333;
net.objecthunter.exp4j.function.Function.Function(String,int);3;11;1;7;4;4;1;7;1;6;3;3;3;1;0;0;1;0;net.objecthunter.exp4j.ExpressionBuilderTest.testFunction13();0;21;7;15;7;1;0;13;7;6;1;1;1;1;0;0;0;0;net.objecthunter.exp4j.ExpressionBuilderTest.testFunction13();11,3,6,8,9,12;6;0;0;0;5;0.5555555555555556;0;1;0.3333333333333333;
net.objecthunter.exp4j.function.Function.Function(String,int);3;11;1;7;4;4;1;7;1;6;3;3;3;1;0;0;1;0;net.objecthunter.exp4j.ExpressionBuilderTest.testFunction14();0;17;8;13;8;1;0;9;7;2;1;1;1;1;0;0;0;0;net.objecthunter.exp4j.ExpressionBuilderTest.testFunction14();11,3,6,8,9,12;6;0;0;0;5;0.5555555555555556;0;1;0.3333333333333333;
net.objecthunter.exp4j.function.Function.Function(String,int);3;11;1;7;4;4;1;7;1;6;3;3;3;1;0;0;1;0;net.objecthunter.exp4j.ExpressionBuilderTest.testFunction15();0;17;8;13;7;1;0;9;7;2;1;1;1;1;0;0;0;0;net.objecthunter.exp4j.ExpressionBuilderTest.testFunction15();11,3,6,8,9,12;6;0;0;0;5;0.5555555555555556;0;1;0.3333333333333333;
net.objecthunter.exp4j.function.Function.Function(String,int);3;11;1;7;4;4;1;7;1;6;3;3;3;1;0;0;1;0;net.objecthunter.exp4j.ExpressionBuilderTest.testFunction16();0;16;7;12;10;1;0;8;6;2;1;1;1;1;0;0;0;0;net.objecthunter.exp4j.ExpressionBuilderTest.testFunction16();11,3,6,8,9,12;6;0;0;0;5;0.5555555555555556;0;1;0.3333333333333333;
net.objecthunter.exp4j.function.Function.Function(String,int);3;11;1;7;4;4;1;7;1;6;3;3;3;1;0;0;1;0;net.objecthunter.exp4j.FunctionsTest.testFunctionNameZeroArgs();0;9;3;5;2;1;0;5;3;2;1;1;1;1;0;0;0;0;net.objecthunter.exp4j.FunctionsTest.testFunctionNameZeroArgs();11,3,6,8,9,12;6;0;0;0;5;0.5555555555555556;0;1;0.3333333333333333;
net.objecthunter.exp4j.function.Function.Function(String,int);3;11;1;7;4;4;1;7;1;6;3;3;3;1;0;0;1;0;net.objecthunter.exp4j.FunctionsTest.testFunctionNameNegativeArgs();0;8;3;4;0;1;0;4;3;1;1;1;1;1;0;0;0;0;net.objecthunter.exp4j.FunctionsTest.testFunctionNameNegativeArgs();11,3,4,12;4;0;0;3;3;0.3333333333333333;1;1;0.3333333333333333;
net.objecthunter.exp4j.function.Function.isValidFunctionName(String);3;19;3;13;5;6;1;16;4;12;6;6;8;6;5;5;2;5;net.objecthunter.exp4j.FunctionsTest.testCheckFunctionNames();0;25;1;23;3;1;0;24;1;23;1;1;1;1;0;0;0;0;net.objecthunter.exp4j.FunctionsTest.testCheckFunctionNames();15,2,4,5,7,8,9,10,7,8,9,10,7,8,9,10,7,8,9,10,7,8,9,10,7,8,9,10,7,8,9,10,7,8,9,10,7,8,9,10,7,8,9,10,7,8,9,10,7,8,9,10,7,8,9,10,7,8,9,10,7,8,9,10,7,8,9,10,7,8,9,10,7,8,9,10,7,8,9,10,7,8,9,10,7,8,9,10,7,8,9,10,7,8,9,10,7,8,9,10,7,8,9,10,7,8,9,10,7,14,16;111;1;26;10;10;0.5263157894736842;6;6;0.2857142857142857;
net.objecthunter.exp4j.function.Function.isValidFunctionName(String);3;19;3;13;5;6;1;16;4;12;6;6;8;6;5;5;2;5;net.objecthunter.exp4j.FunctionsTest.testCheckFunctionNames();0;25;1;23;3;1;0;24;1;23;1;1;1;1;0;0;0;0;net.objecthunter.exp4j.FunctionsTest.testCheckFunctionNames();15,2,4,5,7,8,9,10,7,8,9,10,7,8,9,11,12,7,8,9,11,12,7,8,9,10,7,8,9,11,12,7,14,16;34;1;6;3;13;0.6842105263157895;8;13;0.6190476190476191;
net.objecthunter.exp4j.function.Function.isValidFunctionName(String);3;19;3;13;5;6;1;16;4;12;6;6;8;6;5;5;2;5;net.objecthunter.exp4j.FunctionsTest.testCheckFunctionNames();0;25;1;23;3;1;0;24;1;23;1;1;1;1;0;0;0;0;net.objecthunter.exp4j.FunctionsTest.testCheckFunctionNames();15,2,4,5,7,8,9,10,7,8,9,10,7,8,9,10,7,8,9,10,7,8,9,10,7,8,9,10,7,14,16;31;1;6;0;10;0.5263157894736842;0;6;0.2857142857142857;
net.objecthunter.exp4j.function.Function.isValidFunctionName(String);3;19;3;13;5;6;1;16;4;12;6;6;8;6;5;5;2;5;net.objecthunter.exp4j.FunctionsTest.testCheckFunctionNames();0;25;1;23;3;1;0;24;1;23;1;1;1;1;0;0;0;0;net.objecthunter.exp4j.FunctionsTest.testCheckFunctionNames();15,2,4,5,7,8,9,10,7,8,9,10,7,8,9,10,7,8,9,10,7,8,9,11,13,16;26;1;4;3;12;0.631578947368421;1;6;0.2857142857142857;
net.objecthunter.exp4j.function.Function.isValidFunctionName(String);3;19;3;13;5;6;1;16;4;12;6;6;8;6;5;5;2;5;net.objecthunter.exp4j.FunctionsTest.testCheckFunctionNames();0;25;1;23;3;1;0;24;1;23;1;1;1;1;0;0;0;0;net.objecthunter.exp4j.FunctionsTest.testCheckFunctionNames();15,2,4,5,7,8,9,10,7,8,9,10,7,8,9,10,7,8,9,11,12,7,14,16;24;1;4;0;13;0.6842105263157895;0;8;0.38095238095238093;
net.objecthunter.exp4j.function.Function.isValidFunctionName(String);3;19;3;13;5;6;1;16;4;12;6;6;8;6;5;5;2;5;net.objecthunter.exp4j.FunctionsTest.testCheckFunctionNames();0;25;1;23;3;1;0;24;1;23;1;1;1;1;0;0;0;0;net.objecthunter.exp4j.FunctionsTest.testCheckFunctionNames();15,2,4,5,7,8,9,10,7,8,9,10,7,8,9,10,7,8,9,10,7,14,16;23;1;4;0;10;0.5263157894736842;0;6;0.2857142857142857;
net.objecthunter.exp4j.function.Function.isValidFunctionName(String);3;19;3;13;5;6;1;16;4;12;6;6;8;6;5;5;2;5;net.objecthunter.exp4j.FunctionsTest.testCheckFunctionNames();0;25;1;23;3;1;0;24;1;23;1;1;1;1;0;0;0;0;net.objecthunter.exp4j.FunctionsTest.testCheckFunctionNames();15,2,4,5,7,8,9,10,7,8,9,10,7,8,9,10,7,8,9,11,13,16;22;1;3;0;12;0.631578947368421;0;6;0.2857142857142857;
net.objecthunter.exp4j.function.Function.isValidFunctionName(String);3;19;3;13;5;6;1;16;4;12;6;6;8;6;5;5;2;5;net.objecthunter.exp4j.FunctionsTest.testCheckFunctionNames();0;25;1;23;3;1;0;24;1;23;1;1;1;1;0;0;0;0;net.objecthunter.exp4j.FunctionsTest.testCheckFunctionNames();15,2,4,5,7,8,9,10,7,8,9,10,7,8,9,10,7,14,16;19;1;3;0;10;0.5263157894736842;0;6;0.2857142857142857;
net.objecthunter.exp4j.function.Function.isValidFunctionName(String);3;19;3;13;5;6;1;16;4;12;6;6;8;6;5;5;2;5;net.objecthunter.exp4j.FunctionsTest.testCheckFunctionNames();0;25;1;23;3;1;0;24;1;23;1;1;1;1;0;0;0;0;net.objecthunter.exp4j.FunctionsTest.testCheckFunctionNames();15,2,4,5,7,8,9,10,7,8,9,10,7,8,9,11,13,16;18;1;2;0;12;0.631578947368421;0;6;0.2857142857142857;
net.objecthunter.exp4j.function.Function.isValidFunctionName(String);3;19;3;13;5;6;1;16;4;12;6;6;8;6;5;5;2;5;net.objecthunter.exp4j.FunctionsTest.testCheckFunctionNames();0;25;1;23;3;1;0;24;1;23;1;1;1;1;0;0;0;0;net.objecthunter.exp4j.FunctionsTest.testCheckFunctionNames();15,2,4,5,7,8,9,10,7,8,9,10,7,14,16;15;1;2;0;10;0.5263157894736842;0;6;0.2857142857142857;
net.objecthunter.exp4j.function.Function.isValidFunctionName(String);3;19;3;13;5;6;1;16;4;12;6;6;8;6;5;5;2;5;net.objecthunter.exp4j.FunctionsTest.testCheckFunctionNames();0;25;1;23;3;1;0;24;1;23;1;1;1;1;0;0;0;0;net.objecthunter.exp4j.FunctionsTest.testCheckFunctionNames();15,2,4,5,7,8,9,10,7,8,9,11,13,16;14;1;1;0;12;0.631578947368421;0;5;0.23809523809523808;
net.objecthunter.exp4j.function.Function.isValidFunctionName(String);3;19;3;13;5;6;1;16;4;12;6;6;8;6;5;5;2;5;net.objecthunter.exp4j.FunctionsTest.testCheckFunctionNames();0;25;1;23;3;1;0;24;1;23;1;1;1;1;0;0;0;0;net.objecthunter.exp4j.FunctionsTest.testCheckFunctionNames();15,2,4,5,7,8,9,10,7,14,16;11;1;1;0;10;0.5263157894736842;0;3;0.14285714285714285;
net.objecthunter.exp4j.function.Function.isValidFunctionName(String);3;19;3;13;5;6;1;16;4;12;6;6;8;6;5;5;2;5;net.objecthunter.exp4j.FunctionsTest.testCheckFunctionNames();0;25;1;23;3;1;0;24;1;23;1;1;1;1;0;0;0;0;net.objecthunter.exp4j.FunctionsTest.testCheckFunctionNames();15,2,4,5,7,8,9,11,13,16;10;0;0;0;10;0.5263157894736842;1;1;0.047619047619047616;
net.objecthunter.exp4j.Expression.evaluate();209;43;11;33;17;30;1;37;13;24;13;13;13;1;4;0;3;0;net.objecthunter.exp4j.ExpressionTest.testExpression1();0;9;4;6;6;1;0;4;3;1;1;1;1;1;0;0;0;0;net.objecthunter.exp4j.ExpressionTest.testExpression1();35,2,3,4,5,3,4,5,3,4,6,12,13,14,16,17,18,19,3,32,34,36;22;1;3;15;15;0.35714285714285715;1;1;0.013333333333333334;
net.objecthunter.exp4j.Expression.evaluate();209;43;11;33;17;30;1;37;13;24;13;13;13;1;4;0;3;0;net.objecthunter.exp4j.ExpressionTest.testFactorial();1;78;7;71;8;1;0;47;7;40;1;1;1;1;0;0;0;0;net.objecthunter.exp4j.ExpressionTest.testFactorial();35,2,3,4,5,3,4,5,3,4,6,12,13,14,16,20,21,22,3,4,6,12,13,14,16,17,18,19,3,4,5,3,4,5,3,4,6,12,13,14,16,17,18,19,3,4,6,12,13,14,16,17,18,19,3,32,34,36;58;1;8;3;18;0.42857142857142855;0;1;0.013333333333333334;
net.objecthunter.exp4j.Expression.evaluate();209;43;11;33;17;30;1;37;13;24;13;13;13;1;4;0;3;0;net.objecthunter.exp4j.ExpressionTest.testFactorial();1;78;7;71;8;1;0;47;7;40;1;1;1;1;0;0;0;0;net.objecthunter.exp4j.ExpressionTest.testFactorial();35,2,3,4,5,3,4,6,12,13,14,16,20,21,22,3,4,5,3,4,6,12,13,14,16,20,21,22,3,4,6,12,13,14,16,17,18,19,3,32,34,36;42;1;5;0;18;0.42857142857142855;0;1;0.013333333333333334;
net.objecthunter.exp4j.Expression.evaluate();209;43;11;33;17;30;1;37;13;24;13;13;13;1;4;0;3;0;net.objecthunter.exp4j.ExpressionTest.testFactorial();1;78;7;71;8;1;0;47;7;40;1;1;1;1;0;0;0;0;net.objecthunter.exp4j.ExpressionTest.testFactorial();35,2,3,4,5,3,4,6,12,13,14,16,20,21,22,3,4,5,3,4,6,12,13,14,16,17,18,19,3,32,34,36;32;1;4;0;18;0.42857142857142855;0;1;0.013333333333333334;
net.objecthunter.exp4j.Expression.evaluate();209;43;11;33;17;30;1;37;13;24;13;13;13;1;4;0;3;0;net.objecthunter.exp4j.ExpressionTest.testFactorial();1;78;7;71;8;1;0;47;7;40;1;1;1;1;0;0;0;0;net.objecthunter.exp4j.ExpressionTest.testFactorial();35,2,3,4,5,3,4,5,3,4,6,12,13,14,16,20,21,22,3,4,6,12,13,14,16,17,18,19,3,32,34,36;32;1;4;0;18;0.42857142857142855;0;1;0.013333333333333334;
net.objecthunter.exp4j.Expression.evaluate();209;43;11;33;17;30;1;37;13;24;13;13;13;1;4;0;3;0;net.objecthunter.exp4j.ExpressionTest.testFactorial();1;78;7;71;8;1;0;47;7;40;1;1;1;1;0;0;0;0;net.objecthunter.exp4j.ExpressionTest.testFactorial();35,2,3,4,5,3,4,6,12,13,14,16,20,21,22,3,4,6,12,13,14,16,20,21,22,3,32,34,36;29;1;3;0;15;0.35714285714285715;0;1;0.013333333333333334;
net.objecthunter.exp4j.Expression.evaluate();209;43;11;33;17;30;1;37;13;24;13;13;13;1;4;0;3;0;net.objecthunter.exp4j.ExpressionTest.testFactorial();1;78;7;71;8;1;0;47;7;40;1;1;1;1;0;0;0;0;net.objecthunter.exp4j.ExpressionTest.testFactorial();35,2,3,4,5,3,4,6,12,13,14,16,20,21,22,3,32,34,36;19;1;2;0;15;0.35714285714285715;0;1;0.013333333333333334;
net.objecthunter.exp4j.Expression.evaluate();209;43;11;33;17;30;1;37;13;24;13;13;13;1;4;0;3;0;net.objecthunter.exp4j.ExpressionTest.testClearVariables();0;25;6;21;9;4;1;20;6;14;3;3;3;1;2;0;1;0;net.objecthunter.exp4j.ExpressionTest.testClearVariables();35,2,3,4,6,7,8,9,11,3,4,6,7,8,9,11,3,4,6,12,13,14,16,17,18,19,3,32,34,36;30;1;3;4;18;0.42857142857142855;1;1;0.013333333333333334;
net.objecthunter.exp4j.Expression.evaluate();209;43;11;33;17;30;1;37;13;24;13;13;13;1;4;0;3;0;net.objecthunter.exp4j.ExpressionTest.testClearVariables();0;25;6;21;9;4;1;20;6;14;3;3;3;1;2;0;1;0;net.objecthunter.exp4j.ExpressionTest.testClearVariables();35,2,3,4,6,7,8,9,10,36;10;0;0;2;9;0.21428571428571427;1;1;0.013333333333333334;
net.objecthunter.exp4j.Expression.validate(boolean);36;48;7;35;12;160;2;34;9;25;17;14;17;3;7;4;4;3;net.objecthunter.exp4j.ExpressionValidateTest.testValidateNumber();0;6;4;4;5;1;0;4;3;1;1;1;1;1;0;0;0;0;net.objecthunter.exp4j.ExpressionValidateTest.testValidateNumber();32,2,3,9,10,11,12,13,26,10,29,31,33;13;1;1;12;12;0.2727272727272727;2;2;0.011235955056179775;
net.objecthunter.exp4j.Expression.validate(boolean);36;48;7;35;12;160;2;34;9;25;17;14;17;3;7;4;4;3;net.objecthunter.exp4j.ExpressionValidateTest.testValidateFunctionWithTwoArguments();1;8;4;6;7;1;0;4;3;1;1;1;1;1;0;0;0;0;net.objecthunter.exp4j.ExpressionValidateTest.testValidateFunctionWithTwoArguments();32,2,3,9,10,11,12,13,26,10,11,12,13,26,10,11,14,15,16,18,19,22,26,10,29,31,33;27;1;3;0;19;0.4318181818181818;0;9;0.05056179775280899;
net.objecthunter.exp4j.Expression.validate(boolean);36;48;7;35;12;160;2;34;9;25;17;14;17;3;7;4;4;3;net.objecthunter.exp4j.ExpressionValidateTest.testValidateFunctionWithTwoArgumentsAndOperator();1;8;4;6;7;1;0;4;3;1;1;1;1;1;0;0;0;0;net.objecthunter.exp4j.ExpressionValidateTest.testValidateFunctionWithTwoArgumentsAndOperator();32,2,3,9,10,11,12,13,26,10,11,12,13,26,10,11,12,13,26,10,11,23,24,25,26,10,11,14,15,16,18,19,22,26,10,29,31,33;38;1;5;4;23;0.5227272727272727;5;13;0.07303370786516854;
net.objecthunter.exp4j.Expression.validate(boolean);36;48;7;35;12;160;2;34;9;25;17;14;17;3;7;4;4;3;net.objecthunter.exp4j.ExpressionValidateTest.testValidateFunctionWithTwoAndThreeArgumentsAndMultipleOperator();2;8;4;6;7;1;0;4;3;1;1;1;1;1;0;0;0;0;net.objecthunter.exp4j.ExpressionValidateTest.testValidateFunctionWithTwoAndThreeArgumentsAndMultipleOperator();32,2,3,9,10,11,12,13,26,10,11,12,13,26,10,11,12,13,26,10,11,12,13,26,10,11,12,13,26,10,11,12,13,26,10,11,12,13,26,10,11,14,15,16,18,19,22,26,10,29,31,33;52;1;8;7;19;0.4318181818181818;8;9;0.05056179775280899;
